Código;Nome;Telefone;Email;Fotos
1;Laryssa;765765-98768;lary.sarti@ifc.edu.br;imagem/lary.jpg
2;Aline;12321-12321;alinenha@ifc.edu.br;imagem/aline.jpg
3;Moíra;32130-1321;moírahe@ifc.edu.br;imagem/moira.jpg
4;Maya;4321-1234;mayasilva@;imagem/maya.jpg
5;Pedro Lucas;555-555;pedrao@ifc.edu.br;imagem/pedro.jpg
6;Marcos;13321-321321;email@mail.com;imagem/marcos.jpg
7;Paulo;2432-42134;paulo@sadfds;imagem/paulo.jpg
8;Edgar;14321-3123;edguei@sadsa;imagem/edgar.jpg
9;Larysca;87455;lary@gmail;imagem/nada.jpg
10;Gusxta;84525;guxtacss@gmail;imagem/nada.jpg
11;Edna;44852;edna@yahoo;imagem/edna.jpg
12;Marcinha;4589;marcinha@gmail;imagem/nada.jpg
13;Emerson;5547;emrsonheo@gamil;imagem/nada.jpg
14;Roberval;517441785;robervalantunes@gamil;imagem/nada.jpg
15;Cleverson;471239;clevinho@yahoo;imagem/nada.jpg
16;Agata;89657;agatenha@gmail;imagem/nada.jpg